-- MySQL dump 10.13  Distrib 8.0.40, for Win64 (x86_64)
--
-- Host: localhost    Database: node_fulltask
-- ------------------------------------------------------
-- Server version	9.1.0

/*!40101 SET @OLD_CHARACTER_SET_CLIENT=@@CHARACTER_SET_CLIENT */;
/*!40101 SET @OLD_CHARACTER_SET_RESULTS=@@CHARACTER_SET_RESULTS */;
/*!40101 SET @OLD_COLLATION_CONNECTION=@@COLLATION_CONNECTION */;
/*!50503 SET NAMES utf8 */;
/*!40103 SET @OLD_TIME_ZONE=@@TIME_ZONE */;
/*!40103 SET TIME_ZONE='+00:00' */;
/*!40014 SET @OLD_UNIQUE_CHECKS=@@UNIQUE_CHECKS, UNIQUE_CHECKS=0 */;
/*!40014 SET @OLD_FOREIGN_KEY_CHECKS=@@FOREIGN_KEY_CHECKS, FOREIGN_KEY_CHECKS=0 */;
/*!40101 SET @OLD_SQL_MODE=@@SQL_MODE, SQL_MODE='NO_AUTO_VALUE_ON_ZERO' */;
/*!40111 SET @OLD_SQL_NOTES=@@SQL_NOTES, SQL_NOTES=0 */;

--
-- Table structure for table `refreshtokens`
--

DROP TABLE IF EXISTS `refreshtokens`;
/*!40101 SET @saved_cs_client     = @@character_set_client */;
/*!50503 SET character_set_client = utf8mb4 */;
CREATE TABLE `refreshtokens` (
  `id` int NOT NULL AUTO_INCREMENT,
  `token` varchar(255) NOT NULL,
  `userId` int NOT NULL,
  `expiresAt` datetime NOT NULL,
  `revoked` tinyint(1) DEFAULT '0',
  `createdAt` datetime NOT NULL,
  `updatedAt` datetime NOT NULL,
  PRIMARY KEY (`id`),
  UNIQUE KEY `token` (`token`),
  KEY `userId` (`userId`),
  CONSTRAINT `refreshtokens_ibfk_1` FOREIGN KEY (`userId`) REFERENCES `users` (`id`) ON DELETE CASCADE
) ENGINE=InnoDB AUTO_INCREMENT=71 DEFAULT CHARSET=utf8mb4 COLLATE=utf8mb4_0900_ai_ci;
/*!40101 SET character_set_client = @saved_cs_client */;

--
-- Dumping data for table `refreshtokens`
--

LOCK TABLES `refreshtokens` WRITE;
/*!40000 ALTER TABLE `refreshtokens` DISABLE KEYS */;
INSERT INTO `refreshtokens` VALUES (1,'eyJhbGciOiJIUzI1NiIsInR5cCI6IkpXVCJ9.eyJpZCI6MSwiaWF0IjoxNzc4MTY5NjA5LCJleHAiOjE3Nzg3NzQ0MDl9.Emj1IzM-AkmwAl1RsSqChz0ttK52vGYByN8N-lwJO78',1,'2026-05-14 16:00:09',0,'2026-05-07 16:00:09','2026-05-07 16:00:09'),(2,'eyJhbGciOiJIUzI1NiIsInR5cCI6IkpXVCJ9.eyJpZCI6MSwiaWF0IjoxNzc4MTcwMDQyLCJleHAiOjE3Nzg3NzQ4NDJ9.6_25NeulknfubMD2wUACo4qwRmQr0iSgod-6PN4Rmmo',1,'2026-05-14 16:07:22',0,'2026-05-07 16:07:22','2026-05-07 16:07:22'),(3,'eyJhbGciOiJIUzI1NiIsInR5cCI6IkpXVCJ9.eyJpZCI6MSwiaWF0IjoxNzc4MTcwMDQzLCJleHAiOjE3Nzg3NzQ4NDN9.NjVGKv7fdq4f8JtDQ2_BmFO-LS68ngums6Z2-IlAXNI',1,'2026-05-14 16:07:23',0,'2026-05-07 16:07:23','2026-05-07 16:07:23'),(4,'eyJhbGciOiJIUzI1NiIsInR5cCI6IkpXVCJ9.eyJpZCI6MSwiaWF0IjoxNzc4MTcwMDQ0LCJleHAiOjE3Nzg3NzQ4NDR9.H4OY4zY_MD8Eg1AkOTL325uQjQEOnGE1ZS1x58PTVE0',1,'2026-05-14 16:07:24',0,'2026-05-07 16:07:24','2026-05-07 16:07:24'),(5,'eyJhbGciOiJIUzI1NiIsInR5cCI6IkpXVCJ9.eyJpZCI6MSwiaWF0IjoxNzc4MTcwMDQ1LCJleHAiOjE3Nzg3NzQ4NDV9.Tf6BMZWGkaPJ8bWbE0htjvZRmcm84d-fdoVodkFWp78',1,'2026-05-14 16:07:25',0,'2026-05-07 16:07:25','2026-05-07 16:07:25'),(6,'eyJhbGciOiJIUzI1NiIsInR5cCI6IkpXVCJ9.eyJpZCI6MSwiaWF0IjoxNzc4MTcwMDQ2LCJleHAiOjE3Nzg3NzQ4NDZ9.7VWhLY38zYNwbNw4PzxV0CGDSCENUEH1X1TG4aNgNGA',1,'2026-05-14 16:07:26',0,'2026-05-07 16:07:26','2026-05-07 16:07:26'),(7,'eyJhbGciOiJIUzI1NiIsInR5cCI6IkpXVCJ9.eyJpZCI6MSwiaWF0IjoxNzc4MTcwMDQ3LCJleHAiOjE3Nzg3NzQ4NDd9.GDznPzQaZUB3-NazeHufamEgD6IJMDU0JBjVH84xxXQ',1,'2026-05-14 16:07:27',0,'2026-05-07 16:07:27','2026-05-07 16:07:27'),(8,'eyJhbGciOiJIUzI1NiIsInR5cCI6IkpXVCJ9.eyJpZCI6MSwiaWF0IjoxNzc4MTcwMDQ4LCJleHAiOjE3Nzg3NzQ4NDh9.698kXxJij126QxOunynwafEv4NcgfNCvdmuleunRxv8',1,'2026-05-14 16:07:28',0,'2026-05-07 16:07:28','2026-05-07 16:07:28'),(10,'eyJhbGciOiJIUzI1NiIsInR5cCI6IkpXVCJ9.eyJpZCI6MSwiaWF0IjoxNzc4MTcwMDQ5LCJleHAiOjE3Nzg3NzQ4NDl9.gzbMWz5rLtwhbShE1fYUc7915wCgk6LPrxEFSrwC76o',1,'2026-05-14 16:07:29',0,'2026-05-07 16:07:29','2026-05-07 16:07:29'),(11,'eyJhbGciOiJIUzI1NiIsInR5cCI6IkpXVCJ9.eyJpZCI6MSwiaWF0IjoxNzc4MTcwMDUwLCJleHAiOjE3Nzg3NzQ4NTB9.Pl6Ftp9K5N9mXMEQZ3E-V9j0oShQnKFWuw4SY88zxSA',1,'2026-05-14 16:07:30',0,'2026-05-07 16:07:30','2026-05-07 16:07:30'),(12,'eyJhbGciOiJIUzI1NiIsInR5cCI6IkpXVCJ9.eyJpZCI6MSwiaWF0IjoxNzc4MTcwMDUxLCJleHAiOjE3Nzg3NzQ4NTF9.rJle17l1L_-oX8MjuRQJh_ChgPfHukbiqclwLGV6dr4',1,'2026-05-14 16:07:31',0,'2026-05-07 16:07:31','2026-05-07 16:07:31'),(13,'eyJhbGciOiJIUzI1NiIsInR5cCI6IkpXVCJ9.eyJpZCI6MSwiaWF0IjoxNzc4MTcwMDUzLCJleHAiOjE3Nzg3NzQ4NTN9.13hU5D4EaDwq5dUFPkid90aYCSMEhZ6wfBMVzn_Sgr0',1,'2026-05-14 16:07:33',0,'2026-05-07 16:07:33','2026-05-07 16:07:33'),(14,'eyJhbGciOiJIUzI1NiIsInR5cCI6IkpXVCJ9.eyJpZCI6MSwiaWF0IjoxNzc4MTcwMDU1LCJleHAiOjE3Nzg3NzQ4NTV9.2ixRrJftLQbdUhm2mV5Mv968EOGV5bZACkNSgbbXX5A',1,'2026-05-14 16:07:35',0,'2026-05-07 16:07:35','2026-05-07 16:07:35'),(15,'eyJhbGciOiJIUzI1NiIsInR5cCI6IkpXVCJ9.eyJpZCI6MSwiaWF0IjoxNzc4MTcwMDU2LCJleHAiOjE3Nzg3NzQ4NTZ9.Wy2BwJwXJB9weS3dAgCHfKI1klpcq_w0dazxbNpZ-Lw',1,'2026-05-14 16:07:36',0,'2026-05-07 16:07:36','2026-05-07 16:07:36'),(17,'eyJhbGciOiJIUzI1NiIsInR5cCI6IkpXVCJ9.eyJpZCI6MSwiaWF0IjoxNzc4MTcwMDYxLCJleHAiOjE3Nzg3NzQ4NjF9.870Tlbgg4Up9lj1C1_Z8rbEw6lT8Kl41SElBajH8cyw',1,'2026-05-14 16:07:41',0,'2026-05-07 16:07:41','2026-05-07 16:07:41'),(18,'eyJhbGciOiJIUzI1NiIsInR5cCI6IkpXVCJ9.eyJpZCI6MSwiaWF0IjoxNzc4MTcwMDYyLCJleHAiOjE3Nzg3NzQ4NjJ9.pYD-6ksHnyShdCkkEX_oujsG9EcGe-xFWzzruEc6r8E',1,'2026-05-14 16:07:42',0,'2026-05-07 16:07:42','2026-05-07 16:07:42'),(19,'eyJhbGciOiJIUzI1NiIsInR5cCI6IkpXVCJ9.eyJpZCI6MSwiaWF0IjoxNzc4MTcwMDYzLCJleHAiOjE3Nzg3NzQ4NjN9.Gy3fOesagr-pSyTWa19WpOociIre5eGT7ZMpbklB7sY',1,'2026-05-14 16:07:43',0,'2026-05-07 16:07:43','2026-05-07 16:07:43'),(20,'eyJhbGciOiJIUzI1NiIsInR5cCI6IkpXVCJ9.eyJpZCI6MSwiaWF0IjoxNzc4MTcwMDY0LCJleHAiOjE3Nzg3NzQ4NjR9.1i48iSZMF8fuS9z4Hq8-_TwFxb852ZGnCO2Cs4CCNEw',1,'2026-05-14 16:07:44',0,'2026-05-07 16:07:44','2026-05-07 16:07:44'),(21,'eyJhbGciOiJIUzI1NiIsInR5cCI6IkpXVCJ9.eyJpZCI6MSwiaWF0IjoxNzc4MTcwMDY1LCJleHAiOjE3Nzg3NzQ4NjV9.NHFb5PPaxiNs7YFxDi_4ESeY9IoTns8JuvUlOnGlaw8',1,'2026-05-14 16:07:45',0,'2026-05-07 16:07:45','2026-05-07 16:07:45'),(22,'eyJhbGciOiJIUzI1NiIsInR5cCI6IkpXVCJ9.eyJpZCI6MSwiaWF0IjoxNzc4MTcwMDY2LCJleHAiOjE3Nzg3NzQ4NjZ9.nMzhAvgOlp42FYDZJIv0rMdsCA_240Gr7jbAdZhlV-E',1,'2026-05-14 16:07:46',0,'2026-05-07 16:07:46','2026-05-07 16:07:46'),(23,'eyJhbGciOiJIUzI1NiIsInR5cCI6IkpXVCJ9.eyJpZCI6MSwiaWF0IjoxNzc4MTcwMDY3LCJleHAiOjE3Nzg3NzQ4Njd9.SRgFraT_X69rRTvcehiYIhm3WzobQrGL8sHPE7aaQyY',1,'2026-05-14 16:07:47',0,'2026-05-07 16:07:47','2026-05-07 16:07:47'),(24,'eyJhbGciOiJIUzI1NiIsInR5cCI6IkpXVCJ9.eyJpZCI6MSwiaWF0IjoxNzc4MTcwMDY4LCJleHAiOjE3Nzg3NzQ4Njh9.K2cqY0yhRbd0jDNvINKt2jKxbvhd0b_ljxCT2cwRSUw',1,'2026-05-14 16:07:48',0,'2026-05-07 16:07:48','2026-05-07 16:07:48'),(25,'eyJhbGciOiJIUzI1NiIsInR5cCI6IkpXVCJ9.eyJpZCI6MSwiaWF0IjoxNzc4MTcwMDY5LCJleHAiOjE3Nzg3NzQ4Njl9.hNBDHkoUIUxignysBQf34Pf4WQmdXOG_-KUlmQrbEIQ',1,'2026-05-14 16:07:49',0,'2026-05-07 16:07:49','2026-05-07 16:07:49'),(26,'eyJhbGciOiJIUzI1NiIsInR5cCI6IkpXVCJ9.eyJpZCI6MSwiaWF0IjoxNzc4MTcwMDcwLCJleHAiOjE3Nzg3NzQ4NzB9.CsGMExmouGlysa4xtleFKZGztt2m2eXIYHQs8imryyU',1,'2026-05-14 16:07:50',0,'2026-05-07 16:07:50','2026-05-07 16:07:50'),(27,'eyJhbGciOiJIUzI1NiIsInR5cCI6IkpXVCJ9.eyJpZCI6MSwiaWF0IjoxNzc4MTcwMDcxLCJleHAiOjE3Nzg3NzQ4NzF9.HdkCQp6oDZVVxnCpd84DfOcyraf75qj5yac2ZpUAhbQ',1,'2026-05-14 16:07:51',0,'2026-05-07 16:07:51','2026-05-07 16:07:51'),(28,'eyJhbGciOiJIUzI1NiIsInR5cCI6IkpXVCJ9.eyJpZCI6MSwiaWF0IjoxNzc4MTcwMDcyLCJleHAiOjE3Nzg3NzQ4NzJ9.d-QvGkX4bN0p0p4rCXJBZMYqCEvl7bQtDlZA0LpK5Jc',1,'2026-05-14 16:07:52',0,'2026-05-07 16:07:52','2026-05-07 16:07:52'),(29,'eyJhbGciOiJIUzI1NiIsInR5cCI6IkpXVCJ9.eyJpZCI6MSwiaWF0IjoxNzc4MTcwMDczLCJleHAiOjE3Nzg3NzQ4NzN9.h6dOeXwaJlTb8Y2iKC1bXWubJdQ_Q6X-Qp7mC_i0c7M',1,'2026-05-14 16:07:53',0,'2026-05-07 16:07:53','2026-05-07 16:07:53'),(31,'eyJhbGciOiJIUzI1NiIsInR5cCI6IkpXVCJ9.eyJpZCI6MSwiaWF0IjoxNzc4MTcwMDc0LCJleHAiOjE3Nzg3NzQ4NzR9.7D6RO01R_jPjhrkv2XYsPFHjaHz3l0jf7nkgGiVgszg',1,'2026-05-14 16:07:54',0,'2026-05-07 16:07:54','2026-05-07 16:07:54'),(32,'eyJhbGciOiJIUzI1NiIsInR5cCI6IkpXVCJ9.eyJpZCI6MSwiaWF0IjoxNzc4MTcwMjIyLCJleHAiOjE3Nzg3NzUwMjJ9.Tu6HEcdDey0dyCuW5omjrpqJ-2ZU2a793en5BLB5Xdw',1,'2026-05-14 16:10:22',0,'2026-05-07 16:10:22','2026-05-07 16:10:22'),(33,'eyJhbGciOiJIUzI1NiIsInR5cCI6IkpXVCJ9.eyJpZCI6MSwiaWF0IjoxNzc4MTcwMjIzLCJleHAiOjE3Nzg3NzUwMjN9.xhTETG8e4ki1WUpRqX0jNVPYpXebyPB1cIHQEd5gAs4',1,'2026-05-14 16:10:23',0,'2026-05-07 16:10:23','2026-05-07 16:10:23'),(34,'eyJhbGciOiJIUzI1NiIsInR5cCI6IkpXVCJ9.eyJpZCI6MSwiaWF0IjoxNzc4MTcwMjI1LCJleHAiOjE3Nzg3NzUwMjV9.teHXPGbNhufnjPstMYPUdO78o1o9zgPDKgbGs0c6G9s',1,'2026-05-14 16:10:25',0,'2026-05-07 16:10:25','2026-05-07 16:10:25'),(35,'eyJhbGciOiJIUzI1NiIsInR5cCI6IkpXVCJ9.eyJpZCI6MSwiaWF0IjoxNzc4MTcwMjI2LCJleHAiOjE3Nzg3NzUwMjZ9.UlBaMWdWdWtZE_YUhzSveOluvJ6IPHYic_IWs3AIk1U',1,'2026-05-14 16:10:26',0,'2026-05-07 16:10:26','2026-05-07 16:10:26'),(36,'eyJhbGciOiJIUzI1NiIsInR5cCI6IkpXVCJ9.eyJpZCI6MSwiaWF0IjoxNzc4MTcwMjI4LCJleHAiOjE3Nzg3NzUwMjh9.cMz1CTnR5Wi-VmiBaBjwfJX_imyM2PlWyOG3vu0VYqE',1,'2026-05-14 16:10:28',0,'2026-05-07 16:10:28','2026-05-07 16:10:28'),(38,'eyJhbGciOiJIUzI1NiIsInR5cCI6IkpXVCJ9.eyJpZCI6MSwiaWF0IjoxNzc4MTcwMjMwLCJleHAiOjE3Nzg3NzUwMzB9.rYk2ckduWeS0QyQlX1PUHDa5qtM62GJGue2T1vjf5SM',1,'2026-05-14 16:10:30',0,'2026-05-07 16:10:30','2026-05-07 16:10:30'),(39,'eyJhbGciOiJIUzI1NiIsInR5cCI6IkpXVCJ9.eyJpZCI6MSwiaWF0IjoxNzc4MTcwMjMxLCJleHAiOjE3Nzg3NzUwMzF9.phy0w3Y0uhMz-JCeAuYdX2HTLcd_kKd789OqC7C0a-4',1,'2026-05-14 16:10:31',0,'2026-05-07 16:10:31','2026-05-07 16:10:31'),(40,'eyJhbGciOiJIUzI1NiIsInR5cCI6IkpXVCJ9.eyJpZCI6MSwiaWF0IjoxNzc4MTcwMjMyLCJleHAiOjE3Nzg3NzUwMzJ9.QLqryC9DwKnRnm7hzvLGtxNdCnjYQCT4t238EtDvP3o',1,'2026-05-14 16:10:32',0,'2026-05-07 16:10:32','2026-05-07 16:10:32'),(41,'eyJhbGciOiJIUzI1NiIsInR5cCI6IkpXVCJ9.eyJpZCI6MSwiaWF0IjoxNzc4MTcwMjMzLCJleHAiOjE3Nzg3NzUwMzN9.gMsC3zFjNA0szm2spB3_x3eV-P8F7Lj4_YSzbvydxJQ',1,'2026-05-14 16:10:33',0,'2026-05-07 16:10:33','2026-05-07 16:10:33'),(42,'eyJhbGciOiJIUzI1NiIsInR5cCI6IkpXVCJ9.eyJpZCI6MSwiaWF0IjoxNzc4MTcwMjM0LCJleHAiOjE3Nzg3NzUwMzR9.m1_0-nwAUiWCX6n4UkpetEQ5IC54Djpv6OpdOwq7xTI',1,'2026-05-14 16:10:34',0,'2026-05-07 16:10:34','2026-05-07 16:10:34'),(43,'eyJhbGciOiJIUzI1NiIsInR5cCI6IkpXVCJ9.eyJpZCI6MSwiaWF0IjoxNzc4MTcwMjM1LCJleHAiOjE3Nzg3NzUwMzV9.l6RQUruRYpuRhsZpfm24iK4vaYrHuZFTGrrEGsAIEGs',1,'2026-05-14 16:10:35',0,'2026-05-07 16:10:35','2026-05-07 16:10:35'),(44,'eyJhbGciOiJIUzI1NiIsInR5cCI6IkpXVCJ9.eyJpZCI6MSwiaWF0IjoxNzc4MTcwMjM2LCJleHAiOjE3Nzg3NzUwMzZ9.aBRN8HFycG-Mw1bajKgE-xM_Qe2zyrWJf7DedPvNJvE',1,'2026-05-14 16:10:36',0,'2026-05-07 16:10:36','2026-05-07 16:10:36'),(46,'eyJhbGciOiJIUzI1NiIsInR5cCI6IkpXVCJ9.eyJpZCI6MSwiaWF0IjoxNzc4MTcxMTY3LCJleHAiOjE3Nzg3NzU5Njd9.AsmuUbErJcMb2hDbjQMURXYqw1_0N7ipxXlw2Henl2M',1,'2026-05-14 16:26:07',0,'2026-05-07 16:26:07','2026-05-07 16:26:07'),(47,'eyJhbGciOiJIUzI1NiIsInR5cCI6IkpXVCJ9.eyJpZCI6MSwiaWF0IjoxNzc4MTcxMTcwLCJleHAiOjE3Nzg3NzU5NzB9.LMEveDOtY1qQMYd-VmaVq3d7I6f-u6mOwh8p2FgJauY',1,'2026-05-14 16:26:10',0,'2026-05-07 16:26:10','2026-05-07 16:26:10'),(48,'eyJhbGciOiJIUzI1NiIsInR5cCI6IkpXVCJ9.eyJpZCI6MSwiaWF0IjoxNzc4MTcxMTcxLCJleHAiOjE3Nzg3NzU5NzF9.5_c9Fv7nbzNgogGgpjSnBqSmCQ8hYtDAoq5RiCzvshE',1,'2026-05-14 16:26:11',0,'2026-05-07 16:26:11','2026-05-07 16:26:11'),(50,'eyJhbGciOiJIUzI1NiIsInR5cCI6IkpXVCJ9.eyJpZCI6MSwiaWF0IjoxNzc4MTcxMTcyLCJleHAiOjE3Nzg3NzU5NzJ9.7xCzAkiY7Pq8DTBa8xte3B7F6Q-_gtkZ6quvtTxO1Yg',1,'2026-05-14 16:26:12',0,'2026-05-07 16:26:12','2026-05-07 16:26:12'),(51,'eyJhbGciOiJIUzI1NiIsInR5cCI6IkpXVCJ9.eyJpZCI6MSwiaWF0IjoxNzc4MTcyMzEwLCJleHAiOjE3Nzg3NzcxMTB9.ApSee-wOZ4tVoRBO-Wrb3sGGlEAzdpTvcLU2QppWdDg',1,'2026-05-14 16:45:10',0,'2026-05-07 16:45:10','2026-05-07 16:45:10'),(52,'eyJhbGciOiJIUzI1NiIsInR5cCI6IkpXVCJ9.eyJpZCI6MSwicm9sZSI6IkFETUlOIiwiaWF0IjoxNzc4MjA1MjE4LCJleHAiOjE3Nzg4MTAwMTh9.D0At5G-w-mzhILNBEuR5_aZINU2EDSFWwR2T5lt4b9g',1,'2026-05-15 01:53:38',0,'2026-05-08 01:53:38','2026-05-08 01:53:38'),(53,'eyJhbGciOiJIUzI1NiIsInR5cCI6IkpXVCJ9.eyJpZCI6MSwicm9sZSI6IkFETUlOIiwiaWF0IjoxNzc4MjA1NDQ3LCJleHAiOjE3Nzg4MTAyNDd9.8K4CVpmWhFpSKUxRi5wXrndfIGZm89a0WF_rJ717Lls',1,'2026-05-15 01:57:27',0,'2026-05-08 01:57:27','2026-05-08 01:57:27'),(54,'eyJhbGciOiJIUzI1NiIsInR5cCI6IkpXVCJ9.eyJpZCI6MSwicm9sZSI6IkFETUlOIiwiaWF0IjoxNzc4MjA4NDYwLCJleHAiOjE3Nzg4MTMyNjB9.nGRsOaBRsO3syy24GhfZjUPblsFyYJfHsWIqB6vRLGI',1,'2026-05-15 02:47:40',0,'2026-05-08 02:47:40','2026-05-08 02:47:40'),(55,'eyJhbGciOiJIUzI1NiIsInR5cCI6IkpXVCJ9.eyJpZCI6MSwicm9sZSI6IkFETUlOIiwiaWF0IjoxNzc4MjA4NDYyLCJleHAiOjE3Nzg4MTMyNjJ9.GD9Q9_z26JrCpa1PXh8b0iIxxaG7XE0h_3i122SkSpc',1,'2026-05-15 02:47:42',0,'2026-05-08 02:47:42','2026-05-08 02:47:42'),(56,'eyJhbGciOiJIUzI1NiIsInR5cCI6IkpXVCJ9.eyJpZCI6MSwicm9sZSI6IkFETUlOIiwiaWF0IjoxNzc4MjA4NDYzLCJleHAiOjE3Nzg4MTMyNjN9.llOr9r1qoLPMTcQR6INuwrd1blbOKPpyQLFmIOgdre4',1,'2026-05-15 02:47:43',0,'2026-05-08 02:47:43','2026-05-08 02:47:43'),(57,'eyJhbGciOiJIUzI1NiIsInR5cCI6IkpXVCJ9.eyJpZCI6MSwicm9sZSI6IkFETUlOIiwiaWF0IjoxNzc4MzE1NjE2LCJleHAiOjE3Nzg5MjA0MTZ9.1OQJc9EHJTJV1jbqdTL3DjzaCFS8x_wHwyi4LseJPnw',1,'2026-05-16 08:33:36',0,'2026-05-09 08:33:36','2026-05-09 08:33:36'),(58,'eyJhbGciOiJIUzI1NiIsInR5cCI6IkpXVCJ9.eyJpZCI6MSwicm9sZSI6IkFETUlOIiwiaWF0IjoxNzc4MzE1NjMyLCJleHAiOjE3Nzg5MjA0MzJ9.YsMr94SbzBg4fp3yQlURyqueGz3SOiu9b-xQkaTApGU',1,'2026-05-16 08:33:52',0,'2026-05-09 08:33:52','2026-05-09 08:33:52'),(59,'eyJhbGciOiJIUzI1NiIsInR5cCI6IkpXVCJ9.eyJpZCI6MSwicm9sZSI6IkFETUlOIiwiaWF0IjoxNzc4MzE1NjM4LCJleHAiOjE3Nzg5MjA0Mzh9.7Y1w7a_VmlNboag4I3FxQbDLs09sD1Hb5NEOknFCI7M',1,'2026-05-16 08:33:58',0,'2026-05-09 08:33:58','2026-05-09 08:33:58'),(60,'eyJhbGciOiJIUzI1NiIsInR5cCI6IkpXVCJ9.eyJpZCI6MSwicm9sZSI6IkFETUlOIiwiaWF0IjoxNzc4MzE1NjM5LCJleHAiOjE3Nzg5MjA0Mzl9.caHPH3AVGw4Od6b_YTZiHTc_fq78IXD2E-YMcvHh7JI',1,'2026-05-16 08:33:59',0,'2026-05-09 08:33:59','2026-05-09 08:33:59'),(61,'eyJhbGciOiJIUzI1NiIsInR5cCI6IkpXVCJ9.eyJpZCI6MSwicm9sZSI6IkFETUlOIiwiaWF0IjoxNzc4MzQzODM2LCJleHAiOjE3Nzg5NDg2MzZ9.LBHiAjkJTADTYdTHG-ZyOmHOVY6X-FFZDFplac8EA6Y',1,'2026-05-16 16:23:56',0,'2026-05-09 16:23:56','2026-05-09 16:23:56'),(62,'eyJhbGciOiJIUzI1NiIsInR5cCI6IkpXVCJ9.eyJpZCI6MSwicm9sZSI6IkFETUlOIiwiaWF0IjoxNzc4MzQ0MDAyLCJleHAiOjE3Nzg5NDg4MDJ9.VJdzN4FCmhf4w1ovjt9wvgWPUgNQlrWlPjJa08eT84I',1,'2026-05-16 16:26:42',0,'2026-05-09 16:26:42','2026-05-09 16:26:42'),(63,'eyJhbGciOiJIUzI1NiIsInR5cCI6IkpXVCJ9.eyJpZCI6MSwicm9sZSI6IkFETUlOIiwiaWF0IjoxNzc4MzQ0MDAzLCJleHAiOjE3Nzg5NDg4MDN9.QxDx8jbNCO-ujcL-NF7p4w5ITHHtQ5qvte17zu5VbgY',1,'2026-05-16 16:26:43',0,'2026-05-09 16:26:43','2026-05-09 16:26:43'),(64,'eyJhbGciOiJIUzI1NiIsInR5cCI6IkpXVCJ9.eyJpZCI6MSwicm9sZSI6IkFETUlOIiwiaWF0IjoxNzc4MzQ2NDc3LCJleHAiOjE3Nzg5NTEyNzd9.KeZUS1u06tIc6978DwjOw_ieF_ozKDIZzh3Wen5B95g',1,'2026-05-16 17:07:57',0,'2026-05-09 17:07:57','2026-05-09 17:07:57'),(65,'eyJhbGciOiJIUzI1NiIsInR5cCI6IkpXVCJ9.eyJpZCI6Miwicm9sZSI6IlVTRVIiLCJpYXQiOjE3NzgzNDY0ODQsImV4cCI6MTc3ODk1MTI4NH0.hHM5H0C-F0KP986sxdRvWJXPe8qfEX0W4-zCqSYtnEU',2,'2026-05-16 17:08:04',0,'2026-05-09 17:08:04','2026-05-09 17:08:04'),(66,'eyJhbGciOiJIUzI1NiIsInR5cCI6IkpXVCJ9.eyJpZCI6MSwicm9sZSI6IkFETUlOIiwiaWF0IjoxNzc4MzUyNDE5LCJleHAiOjE3Nzg5NTcyMTl9.UJo6bQBlCxppaMs3BhOgX99ShtgU1Fgw-vM5gVYDCGc',1,'2026-05-16 18:46:59',0,'2026-05-09 18:46:59','2026-05-09 18:46:59'),(67,'eyJhbGciOiJIUzI1NiIsInR5cCI6IkpXVCJ9.eyJpZCI6MSwicm9sZSI6ImFkbWluIiwiaWF0IjoxNzc4MzUyNDY4LCJleHAiOjE3Nzg5NTcyNjh9.ztIst_2JBQnFnXd9GUuZkLmxr2XNwIFRP4hCgI9YEBk',1,'2026-05-16 18:47:48',0,'2026-05-09 18:47:48','2026-05-09 18:47:48'),(68,'eyJhbGciOiJIUzI1NiIsInR5cCI6IkpXVCJ9.eyJpZCI6Miwicm9sZSI6InVzZXIiLCJpYXQiOjE3NzgzNTI0ODcsImV4cCI6MTc3ODk1NzI4N30.PxJZyBvVRp9ZF-w6xrv7HujNt2fKHZkRTA1BcRPaxXs',2,'2026-05-16 18:48:07',0,'2026-05-09 18:48:07','2026-05-09 18:48:07'),(69,'eyJhbGciOiJIUzI1NiIsInR5cCI6IkpXVCJ9.eyJpZCI6MSwicm9sZSI6ImFkbWluIiwiaWF0IjoxNzc4Mzg0NjA0LCJleHAiOjE3Nzg5ODk0MDR9.xxGnxPv1amXOUUPEAzOSCRKWV8fH6habCYDjA1n1hIQ',1,'2026-05-17 03:43:24',1,'2026-05-10 03:43:24','2026-05-10 03:43:38'),(70,'eyJhbGciOiJIUzI1NiIsInR5cCI6IkpXVCJ9.eyJpZCI6MSwiaWF0IjoxNzc4Mzg0NjE4LCJleHAiOjE3Nzg5ODk0MTh9.wltFVcLZw18Hc_TWycg7h_PpQcBxP5qOk1kvhyWlZG4',1,'2026-05-17 03:43:38',0,'2026-05-10 03:43:38','2026-05-10 03:43:38');
/*!40000 ALTER TABLE `refreshtokens` ENABLE KEYS */;
UNLOCK TABLES;

--
-- Table structure for table `sequelizemeta`
--

DROP TABLE IF EXISTS `sequelizemeta`;
/*!40101 SET @saved_cs_client     = @@character_set_client */;
/*!50503 SET character_set_client = utf8mb4 */;
CREATE TABLE `sequelizemeta` (
  `name` varchar(255) COLLATE utf8mb3_unicode_ci NOT NULL,
  PRIMARY KEY (`name`),
  UNIQUE KEY `name` (`name`)
) ENGINE=InnoDB DEFAULT CHARSET=utf8mb3 COLLATE=utf8mb3_unicode_ci;
/*!40101 SET character_set_client = @saved_cs_client */;

--
-- Dumping data for table `sequelizemeta`
--

LOCK TABLES `sequelizemeta` WRITE;
/*!40000 ALTER TABLE `sequelizemeta` DISABLE KEYS */;
INSERT INTO `sequelizemeta` VALUES ('migration-create-user.js'),('migration-create-z-refreshtoken.js');
/*!40000 ALTER TABLE `sequelizemeta` ENABLE KEYS */;
UNLOCK TABLES;

--
-- Table structure for table `users`
--

DROP TABLE IF EXISTS `users`;
/*!40101 SET @saved_cs_client     = @@character_set_client */;
/*!50503 SET character_set_client = utf8mb4 */;
CREATE TABLE `users` (
  `id` int NOT NULL AUTO_INCREMENT,
  `email` varchar(255) DEFAULT NULL,
  `password` varchar(255) DEFAULT NULL,
  `refreshToken` varchar(255) DEFAULT NULL,
  `firstName` varchar(255) DEFAULT NULL,
  `lastName` varchar(255) DEFAULT NULL,
  `address` varchar(255) DEFAULT NULL,
  `phoneNumber` varchar(255) DEFAULT NULL,
  `gender` tinyint(1) DEFAULT NULL,
  `image` varchar(255) DEFAULT NULL,
  `positionId` varchar(255) DEFAULT NULL,
  `createdAt` datetime NOT NULL,
  `updatedAt` datetime NOT NULL,
  `role` varchar(45) DEFAULT NULL,
  PRIMARY KEY (`id`)
) ENGINE=InnoDB AUTO_INCREMENT=3 DEFAULT CHARSET=utf8mb4 COLLATE=utf8mb4_0900_ai_ci;
/*!40101 SET character_set_client = @saved_cs_client */;

--
-- Dumping data for table `users`
--

LOCK TABLES `users` WRITE;
/*!40000 ALTER TABLE `users` DISABLE KEYS */;
INSERT INTO `users` VALUES (1,'admin@gmail.com','$2b$10$GAHJvyam8Wk1yF1pqlNyke2/Yybtu72qS0z7MUNMpZPhn7KwSJagC',NULL,NULL,NULL,NULL,NULL,NULL,NULL,NULL,'2026-05-07 20:57:33','2026-05-07 20:57:33','admin'),(2,'user@gmail.com','$2b$10$GAHJvyam8Wk1yF1pqlNyke2/Yybtu72qS0z7MUNMpZPhn7KwSJagC',NULL,NULL,NULL,NULL,NULL,NULL,NULL,NULL,'2026-05-07 20:57:33','2026-05-07 20:57:33','user');
/*!40000 ALTER TABLE `users` ENABLE KEYS */;
UNLOCK TABLES;
/*!40103 SET TIME_ZONE=@OLD_TIME_ZONE */;

/*!40101 SET SQL_MODE=@OLD_SQL_MODE */;
/*!40014 SET FOREIGN_KEY_CHECKS=@OLD_FOREIGN_KEY_CHECKS */;
/*!40014 SET UNIQUE_CHECKS=@OLD_UNIQUE_CHECKS */;
/*!40101 SET CHARACTER_SET_CLIENT=@OLD_CHARACTER_SET_CLIENT */;
/*!40101 SET CHARACTER_SET_RESULTS=@OLD_CHARACTER_SET_RESULTS */;
/*!40101 SET COLLATION_CONNECTION=@OLD_COLLATION_CONNECTION */;
/*!40111 SET SQL_NOTES=@OLD_SQL_NOTES */;

-- Dump completed on 2026-05-10 10:51:43
